<?xml version="1.0" encoding="UTF-8"?>

<beans xmlns="http://www.springframework.org/schema/beans"
       xmlns:xsi="http://www.w3.org/2001/XMLSchema-instance"
       xsi:schemaLocation="http://www.springframework.org/schema/beans
    http://www.springframework.org/schema/beans/spring-beans-3.0.xsd">

    <bean name="dateFormat" class="java.text.SimpleDateFormat">
        <constructor-arg value="yyyy-MM-dd" />
    </bean>

    <bean name="soup" class="com.aksamitsinha.dto.InventoryItem">
        <property name="name" value="Soup" />
        <property name="description" value="Soup" />
        <property name="price" value="0.65" />
    </bean>

    <bean name="bread" class="com.aksamitsinha.dto.InventoryItem">
        <property name="name" value="Bread" />
        <property name="description" value="Bread" />
        <property name="price" value="0.80" />
    </bean>

    <bean name="milk" class="com.aksamitsinha.dto.InventoryItem">
        <property name="name" value="Milk" />
        <property name="description" value="Milk" />
        <property name="price" value="1.30" />
    </bean>

    <bean name="apple" class="com.aksamitsinha.dto.InventoryItem">
        <property name="name" value="Apple" />
        <property name="description" value="Apple" />
        <property name="price" value="1.00" />
    </bean>

    <bean name="banana" class="com.aksamitsinha.dto.InventoryItem">
        <property name="name" value="Banana" />
        <property name="description" value="Banana" />
        <property name="price" value="1.00" />
    </bean>

    <bean name="coffee" class="com.aksamitsinha.dto.InventoryItem">
        <property name="name" value="Coffee" />
        <property name="description" value="Coffee" />
        <property name="price" value="1.20" />
    </bean>

    <bean name="inventory" class="com.aksamitsinha.dto.Inventory">
        <property name="availableItems">
            <map>
                <entry key="Soup" value-ref="soup" />
                <entry key="Bread" value-ref="bread" />
                <entry key="Milk" value-ref="milk" />
                <entry key="Apple" value-ref="apple" />
                <entry key="Banana" value-ref="banana" />
                <entry key="Coffee" value-ref="coffee" />
            </map>
        </property>
    </bean>

    <bean name="basket" class="com.aksamitsinha.service.PriceBasket">
        <!-- The property catalog is injected in the tests. -->
        <property name="inventory" ref="inventory"/>
        <property name="offer">
            <set>
                <ref bean="currentOfferOne" />
                <ref bean="currentOfferTwo" />
                <ref bean="currentOfferThree" />
            </set>
        </property>
    </bean>

    <bean name="currentOfferOne" class="com.aksamitsinha.service.offer.SpecialOffer">
        <property name="offerOnItem" ref="apple" />
        <property name="reqNumberItem" value="1" />
        <property name="itemOffered" ref="apple" />
        <property name="percentage" value="10" />
        <property name="description" value="Apples 10% off" />
        <property name="initDate">
            <bean factory-bean="dateFormat" factory-method="parse">
                <constructor-arg value="2017-01-15" />
            </bean>
        </property>
        <property name="endDate">
            <bean factory-bean="dateFormat" factory-method="parse">
                <constructor-arg value="2017-11-22" />
            </bean>
        </property>
    </bean>

    <bean name="currentOfferTwo" class="com.aksamitsinha.service.offer.SpecialOffer">
        <property name="offerOnItem" ref="soup" />
        <property name="reqNumberItem" value="2" />
        <property name="itemOffered" ref="bread" />
        <property name="percentage" value="50" />
        <property name="description" value="Bread half price with 2 tins of soup " />
        <property name="initDate">
            <bean factory-bean="dateFormat" factory-method="parse">
                <constructor-arg value="2017-01-01" />
            </bean>
        </property>
        <property name="endDate">
            <bean factory-bean="dateFormat" factory-method="parse">
                <constructor-arg value="2017-12-12" />
            </bean>
        </property>
    </bean>

    <bean name="currentOfferThree" class="com.aksamitsinha.service.offer.SpecialOffer">
        <property name="offerOnItem" ref="banana" />
        <property name="reqNumberItem" value="2" />
        <property name="itemOffered" ref="banana" />
        <property name="percentage" value="100" />
        <property name="description" value="Buy One get One Free on Banana " />
        <property name="initDate">
            <bean factory-bean="dateFormat" factory-method="parse">
                <constructor-arg value="2017-01-15" />
            </bean>
        </property>
        <property name="endDate">
            <bean factory-bean="dateFormat" factory-method="parse">
                <constructor-arg value="2017-12-22" />
            </bean>
        </property>
    </bean>

</beans>